ФИО,Год поступления,Форма обучения,Баллы ЦТ/ЦЭ,Средний балл аттестата,Общий балл при поступлении,Специальность,Адрес регистрации,Номер мобильного телефона,Математика,Физика,Русский язык,История
Ларионова Людмила Эльдаровна,2021,Заочная,"{'Математика': 76, 'Физика': 97, 'Русский язык': 60, 'История': 83}",5.84,374.4,Инженерия,"д. Гатчина, пер. Одесский, д. 817 к. 558, 137892",8 628 747 3566,76,97,60,83
Щербаков Андрей Александрович,2021,Заочная,"{'Математика': 87, 'Физика': 79, 'Русский язык': 73, 'История': 70}",6.64,375.4,Юриспруденция,"п. Чебаркуль, ш. Ленское, д. 7/1, 070143",8 (657) 905-23-29,87,79,73,70
Сергей Власович Гурьев,2021,Заочная,"{'Математика': 56, 'Физика': 51, 'Русский язык': 94, 'История': 59}",8.61,346.1,Медицина,"с. Кулунда, пр. Суворова, д. 7/9 к. 266, 205716",+71279500370,56,51,94,59
Носова Таисия Сергеевна,2021,Очная,"{'Математика': 83, 'Физика': 82, 'Русский язык': 50, 'История': 98}",8.26,395.6,Юриспруденция,"к. Листвянка (Иркут.), бул. Станционный, д. 88, 091434",+7 641 716 43 46,83,82,50,98
Акулина Болеславовна Боброва,2021,Очная,"{'Математика': 78, 'Физика': 54, 'Русский язык': 86, 'История': 96}",7.13,385.3,Юриспруденция,"к. Ямбург, бул. Путейский, д. 7/4 стр. 5/2, 612764",8 004 436 3993,78,54,86,96
Роман Фролович Ермаков,2022,Заочная,"{'Математика': 71, 'Физика': 55, 'Русский язык': 52, 'История': 55}",7.46,307.6,Медицина,"клх Катав-Ивановск, алл. Февральская, д. 218, 131250",8 267 956 48 11,71,55,52,55
Громов Ермолай Алексеевич,2022,Заочная,"{'Математика': 53, 'Физика': 87, 'Русский язык': 79, 'История': 87}",4.42,350.2,Юриспруденция,"клх Снежинск, пер. Строительный, д. 892, 407946",8 363 759 57 14,53,87,79,87
Медведев Автоном Антипович,2022,Очная,"{'Математика': 65, 'Физика': 91, 'Русский язык': 66, 'История': 96}",8.57,403.7,Юриспруденция,"с. Белогорск (Амур.), ш. М.Горького, д. 3 стр. 1/6, 505150",+7 (743) 708-45-72,65,91,66,96
Ильин Савелий Гурьевич,2022,Очная,"{'Математика': 53, 'Физика': 52, 'Русский язык': 50, 'История': 71}",4.76,273.6,Информатика,"к. Калязин, пр. Кедровый, д. 2 стр. 6, 602750",+7 523 798 5878,53,52,50,71
Анисимова Антонина Тимуровна,2022,Заочная,"{'Математика': 57, 'Физика': 80, 'Русский язык': 68, 'История': 91}",9.0,386.0,Экономика,"г. Поярково, пр. Менделеева, д. 13 к. 2/7, 814738",8 (433) 071-4751,57,80,68,91
Софрон Бориславович Беляков,2023,Заочная,"{'Математика': 88, 'Физика': 73, 'Русский язык': 51, 'История': 50}",8.93,351.3,Инженерия,"г. Кизляр, пр. Республиканский, д. 9 к. 9, 230270",8 383 666 8124,88,73,51,50
Анна Сергеевна Ширяева,2023,Очная,"{'Математика': 54, 'Физика': 66, 'Русский язык': 63, 'История': 60}",9.66,339.6,Информатика,"п. Томск, алл. Малиновая, д. 198, 073501",+7 (158) 718-5904,54,66,63,60
Елизавета Макаровна Петухова,2023,Очная,"{'Математика': 93, 'Физика': 71, 'Русский язык': 54, 'История': 72}",9.28,382.8,Информатика,"д. Ардон, пер. Терешковой, д. 77, 332537",+79919718594,93,71,54,72
Савва Валерьевич Дроздов,2023,Очная,"{'Математика': 81, 'Физика': 90, 'Русский язык': 61, 'История': 67}",5.07,349.7,Медицина,"г. Каменномостский, алл. Ручейная, д. 9/7, 163015",+73809103295,81,90,61,67
Марина Ильинична Куликова,2023,Очная,"{'Математика': 65, 'Физика': 95, 'Русский язык': 96, 'История': 52}",9.99,407.9,Информатика,"к. Белореченск, бул. Чехова, д. 707 стр. 258, 964096",8 943 380 9875,65,95,96,52
Гурий Жоресович Федосеев,2024,Заочная,"{'Математика': 100, 'Физика': 76, 'Русский язык': 78, 'История': 85}",5.32,392.2,Юриспруденция,"д. Нижневартовск, ш. Орловское, д. 965, 174504",8 727 041 9685,100,76,78,85
Марина Борисовна Павлова,2024,Очная,"{'Математика': 68, 'Физика': 51, 'Русский язык': 69, 'История': 50}",4.15,279.5,Медицина,"г. Щелково, ул. Стахановская, д. 7/6 к. 7/5, 043006",+7 811 017 7350,68,51,69,50
Фортунат Игнатьевич Аксенов,2024,Заочная,"{'Математика': 82, 'Физика': 70, 'Русский язык': 67, 'История': 79}",5.49,352.9,Юриспруденция,"г. Подольск, алл. Азина, д. 64 к. 926, 836604",81525595168,82,70,67,79
Федотова Фаина Евгеньевна,2024,Заочная,"{'Математика': 96, 'Физика': 54, 'Русский язык': 52, 'История': 78}",7.49,354.9,Юриспруденция,"д. Сальск, бул. Красноярский, д. 9/6 к. 5, 422739",8 442 046 26 21,96,54,52,78
Лаврентьева Лукия Святославовна,2024,Заочная,"{'Математика': 75, 'Физика': 66, 'Русский язык': 85, 'История': 78}",9.07,394.7,Медицина,"клх Новгород Великий, наб. Береговая, д. 9/7 к. 65, 850259",+7 (123) 851-5537,75,66,85,78
Павлова Галина Дмитриевна,2025,Заочная,"{'Математика': 58, 'Физика': 80, 'Русский язык': 95, 'История': 69}",4.47,346.7,Медицина,"г. Тамбей, ул. Пролетарская, д. 56, 145757",8 (041) 338-6165,58,80,95,69
Агафья Архиповна Брагина,2025,Заочная,"{'Математика': 98, 'Физика': 58, 'Русский язык': 92, 'История': 99}",9.12,438.2,Юриспруденция,"д. Катав-Ивановск, пер. Пугачева, д. 80 к. 1/4, 917839",8 880 526 96 64,98,58,92,99
тов. Ларионова Алла Борисовна,2025,Очная,"{'Математика': 97, 'Физика': 97, 'Русский язык': 58, 'История': 87}",9.33,432.3,Юриспруденция,"с. Раменское, наб. Герцена, д. 344, 936433",83185837217,97,97,58,87
Овчинников Аскольд Ефимьевич,2025,Заочная,"{'Математика': 80, 'Физика': 57, 'Русский язык': 82, 'История': 87}",8.29,388.9,Информатика,"клх Тихорецк, ул. Тупиковая, д. 213 к. 95, 847953",8 (832) 930-3588,80,57,82,87
Парамон Артурович Савельев,2025,Очная,"{'Математика': 82, 'Физика': 75, 'Русский язык': 96, 'История': 55}",3.79,345.9,Информатика,"п. Морозовск, ш. Громова, д. 8/1 к. 1, 872803",86300397914,82,75,96,55
